{
     "1": [-60.0, -1.5, 0.0],
     "2": [-56.6666666666667, -1.5, 0.0],
     "3": [-56.6666666666667, -1.5, 0.277777777777778],
     "4": [-60.0, 1.5, 0.0],
     "5": [-56.6666666666667, 1.5, 0.0],
     "6": [-56.6666666666667, 1.5, 0.277777777777778],
     "7": [-53.3333333333333, -1.5, 0.0],
     "8": [-53.3333333333333, -1.5, 1.11111111111111],
     "9": [-53.3333333333333, 1.5, 0.0],
    "10": [-53.3333333333333, 1.5, 1.11111111111111],
    "11": [-50.0, -1.5, 0.0],
    "12": [-50.0, -1.5, 2.5],
    "13": [-50.0, 1.5, 0.0],
    "14": [-50.0, 1.5, 2.5],
    "15": [-46.6666666666667, -1.5, 0.0],
    "16": [-46.6666666666667, -1.5, 4.44444444444445],
    "17": [-46.6666666666667, 1.5, 0.0],
    "18": [-46.6666666666667, 1.5, 4.44444444444445],
    "19": [-43.3333333333333, -1.5, 0.0],
    "20": [-43.3333333333333, -1.5, 6.94444444444445],
    "21": [-43.3333333333333, 1.5, 0.0],
    "22": [-43.3333333333333, 1.5, 6.94444444444445],
    "23": [-40.0, -1.5, 0.0],
    "24": [-40.0, -1.5, 10.0],
    "25": [-40.0, 1.5, 0.0],
    "26": [-40.0, 1.5, 10.0],
    "27": [-36.6666666666667, -1.5, 0.0],
    "28": [-36.6666666666667, -1.5, 8.72222222222222],
    "29": [-36.6666666666667, 1.5, 0.0],
    "30": [-36.6666666666667, 1.5, 8.72222222222222],
    "31": [-33.3333333333333, -1.5, 0.0],
    "32": [-33.3333333333333, -1.5, 7.55555555555556],
    "33": [-33.3333333333333, 1.5, 0.0],
    "34": [-33.3333333333333, 1.5, 7.55555555555556],
    "35": [-30.0, -1.5, 0.0],
    "36": [-30.0, -1.5, 6.5],
    "37": [-30.0, 1.5, 0.0],
    "38": [-30.0, 1.5, 6.5],
    "39": [-26.6666666666667, -1.5, 0.0],
    "40": [-26.6666666666667, -1.5, 5.55555555555556],
    "41": [-26.6666666666667, 1.5, 0.0],
    "42": [-26.6666666666667, 1.5, 5.55555555555556],
    "43": [-23.3333333333333, -1.5, 0.0],
    "44": [-23.3333333333333, -1.5, 4.72222222222222],
    "45": [-23.3333333333333, 1.5, 0.0],
    "46": [-23.3333333333333, 1.5, 4.72222222222222],
    "47": [-20.0, -1.5, 0.0],
    "48": [-20.0, -1.5, 4.0],
    "49": [-20.0, 1.5, 0.0],
    "50": [-20.0, 1.5, 4.0],
    "51": [-16.6666666666667, -1.5, 0.0],
    "52": [-16.6666666666667, -1.5, 3.38888888888889],
    "53": [-16.6666666666667, 1.5, 0.0],
    "54": [-16.6666666666667, 1.5, 3.38888888888889],
    "55": [-13.3333333333333, -1.5, 0.0],
    "56": [-13.3333333333333, -1.5, 2.88888888888889],
    "57": [-13.3333333333333, 1.5, 0.0],
    "58": [-13.3333333333333, 1.5, 2.88888888888889],
    "59": [-10.0, -1.5, 0.0],
    "60": [-10.0, -1.5, 2.5],
    "61": [-10.0, 1.5, 0.0],
    "62": [-10.0, 1.5, 2.5],
    "63": [-6.66666666666666, -1.5, 0.0],
    "64": [-6.66666666666666, -1.5, 2.22222222222222],
    "65": [-6.66666666666666, 1.5, 0.0],
    "66": [-6.66666666666666, 1.5, 2.22222222222222],
    "67": [-3.33333333333333, -1.5, 0.0],
    "68": [-3.33333333333333, -1.5, 2.05555555555556],
    "69": [-3.33333333333333, 1.5, 0.0],
    "70": [-3.33333333333333, 1.5, 2.05555555555556],
    "71": [0.0, -1.5, 0.0],
    "72": [0.0, -1.5, 2.0],
    "73": [0.0, 1.5, 0.0],
    "74": [0.0, 1.5, 2.0],
    "75": [3.33333333333334, -1.5, 0.0],
    "76": [3.33333333333334, -1.5, 2.05555555555556],
    "77": [3.33333333333334, 1.5, 0.0],
    "78": [3.33333333333334, 1.5, 2.05555555555556],
    "79": [6.66666666666667, -1.5, 0.0],
    "80": [6.66666666666667, -1.5, 2.22222222222222],
    "81": [6.66666666666667, 1.5, 0.0],
    "82": [6.66666666666667, 1.5, 2.22222222222222],
    "83": [10.0, -1.5, 0.0],
    "84": [10.0, -1.5, 2.5],
    "85": [10.0, 1.5, 0.0],
    "86": [10.0, 1.5, 2.5],
    "87": [13.3333333333333, -1.5, 0.0],
    "88": [13.3333333333333, -1.5, 2.88888888888889],
    "89": [13.3333333333333, 1.5, 0.0],
    "90": [13.3333333333333, 1.5, 2.88888888888889],
    "91": [16.6666666666667, -1.5, 0.0],
    "92": [16.6666666666667, -1.5, 3.38888888888889],
    "93": [16.6666666666667, 1.5, 0.0],
    "94": [16.6666666666667, 1.5, 3.38888888888889],
    "95": [20.0, -1.5, 0.0],
    "96": [20.0, -1.5, 4.0],
    "97": [20.0, 1.5, 0.0],
    "98": [20.0, 1.5, 4.0],
    "99": [23.3333333333333, -1.5, 0.0],
    "100": [23.3333333333333, -1.5, 4.72222222222222],
    "101": [23.3333333333333, 1.5, 0.0],
    "102": [23.3333333333333, 1.5, 4.72222222222222],
    "103": [26.6666666666667, -1.5, 0.0],
    "104": [26.6666666666667, -1.5, 5.55555555555556],
    "105": [26.6666666666667, 1.5, 0.0],
    "106": [26.6666666666667, 1.5, 5.55555555555556],
    "107": [30.0, -1.5, 0.0],
    "108": [30.0, -1.5, 6.5],
    "109": [30.0, 1.5, 0.0],
    "110": [30.0, 1.5, 6.5],
    "111": [33.3333333333333, -1.5, 0.0],
    "112": [33.3333333333333, -1.5, 7.55555555555556],
    "113": [33.3333333333333, 1.5, 0.0],
    "114": [33.3333333333333, 1.5, 7.55555555555556],
    "115": [36.6666666666667, -1.5, 0.0],
    "116": [36.6666666666667, -1.5, 8.72222222222222],
    "117": [36.6666666666667, 1.5, 0.0],
    "118": [36.6666666666667, 1.5, 8.72222222222222],
    "119": [40.0, -1.5, 0.0],
    "120": [40.0, -1.5, 10.0],
    "121": [40.0, 1.5, 0.0],
    "122": [40.0, 1.5, 10.0],
    "123": [43.3333333333333, -1.5, 0.0],
    "124": [43.3333333333333, -1.5, 6.94444444444445],
    "125": [43.3333333333333, 1.5, 0.0],
    "126": [43.3333333333333, 1.5, 6.94444444444445],
    "127": [46.6666666666667, -1.5, 0.0],
    "128": [46.6666666666667, -1.5, 4.44444444444444],
    "129": [46.6666666666667, 1.5, 0.0],
    "130": [46.6666666666667, 1.5, 4.44444444444444],
    "131": [50.0, -1.5, 0.0],
    "132": [50.0, -1.5, 2.5],
    "133": [50.0, 1.5, 0.0],
    "134": [50.0, 1.5, 2.5],
    "135": [53.3333333333333, -1.5, 0.0],
    "136": [53.3333333333333, -1.5, 1.11111111111111],
    "137": [53.3333333333333, 1.5, 0.0],
    "138": [53.3333333333333, 1.5, 1.11111111111111],
    "139": [56.6666666666667, -1.5, 0.0],
    "140": [56.6666666666667, -1.5, 0.277777777777778],
    "141": [56.6666666666667, 1.5, 0.0],
    "142": [56.6666666666667, 1.5, 0.277777777777778],
    "143": [60.0, -1.5, 0.0],
    "144": [60.0, 1.5, 0.0],
    "145": [-40.0, -1.5, -5.0],
    "146": [-40.0, 1.5, -5.0],
    "147": [40.0, -1.5, -5.0],
    "148": [40.0, 1.5, -5.0],
    "149": [-40.0, -1.5, -4.0],
    "150": [-40.0, -1.5, -3.0],
    "151": [-40.0, -1.5, -2.0],
    "152": [-40.0, -1.5, -1.0],
    "153": [-40.0, 1.5, -4.0],
    "154": [-40.0, 1.5, -3.0],
    "155": [-40.0, 1.5, -2.0],
    "156": [-40.0, 1.5, -1.0],
    "157": [40.0, -1.5, -4.0],
    "158": [40.0, -1.5, -3.0],
    "159": [40.0, -1.5, -2.0],
    "160": [40.0, -1.5, -1.0],
    "161": [40.0, 1.5, -4.0],
    "162": [40.0, 1.5, -3.0],
    "163": [40.0, 1.5, -2.0],
    "164": [40.0, 1.5, -1.0],
    "165": [-40.0, -1.5, 1.0],
    "166": [-40.0, -1.5, 2.0],
    "167": [-40.0, -1.5, 3.0],
    "168": [-40.0, -1.5, 4.0],
    "169": [-40.0, -1.5, 5.0],
    "170": [-40.0, -1.5, 6.0],
    "171": [-40.0, -1.5, 7.0],
    "172": [-40.0, -1.5, 8.0],
    "173": [-40.0, -1.5, 9.0],
    "174": [-40.0, 1.5, 1.0],
    "175": [-40.0, 1.5, 2.0],
    "176": [-40.0, 1.5, 3.0],
    "177": [-40.0, 1.5, 4.0],
    "178": [-40.0, 1.5, 5.0],
    "179": [-40.0, 1.5, 6.0],
    "180": [-40.0, 1.5, 7.0],
    "181": [-40.0, 1.5, 8.0],
    "182": [-40.0, 1.5, 9.0],
    "183": [ 40.0, -1.5, 1.0],
    "184": [ 40.0, -1.5, 2.0],
    "185": [ 40.0, -1.5, 3.0],
    "186": [ 40.0, -1.5, 4.0],
    "187": [ 40.0, -1.5, 5.0],
    "188": [ 40.0, -1.5, 6.0],
    "189": [ 40.0, -1.5, 7.0],
    "190": [ 40.0, -1.5, 8.0],
    "191": [ 40.0, -1.5, 9.0],
    "192": [ 40.0,  1.5, 1.0],
    "193": [ 40.0,  1.5, 2.0],
    "194": [ 40.0,  1.5, 3.0],
    "195": [ 40.0,  1.5, 4.0],
    "196": [ 40.0,  1.5, 5.0],
    "197": [ 40.0,  1.5, 6.0],
    "198": [ 40.0,  1.5, 7.0],
    "199": [ 40.0,  1.5, 8.0],
    "200": [ 40.0,  1.5, 9.0]
}
